CVE ID,Time,Level,Title,Description
CVE-2018-8116,2018-04-11 21:29:11,中,"A denial of service vulnerability exists in the way that Windows handles objects in memory, aka ""Microsoft Graphics Component Denial of Service Vulnerability."" This affects Windows 7, Windows Server 2012 R2, Windows RT 8.1, Windows Server 2008, Windows Server 2012, Windows 8.1, Windows Server 2016, Windows Server 2008 R2, Windows 10, Windows 10 Servers.",
CVE-2018-8117,2018-04-11 21:29:11,中,"A security feature bypass vulnerability exists in the Microsoft Wireless Keyboard 850 which could allow an attacker to reuse an AES encryption key to send keystrokes to other keyboard devices or to read keystrokes sent by other keyboards for the affected devices, aka ""Microsoft Wireless Keyboard 850 Security Feature Bypass Vulnerability."" This affects Microsoft Wireless Keyboard 850.",
CVE-2018-1023,2018-04-11 21:29:10,高,"A remote code execution vulnerability exists in the way that Microsoft browsers access objects in memory, aka ""Microsoft Browser Memory Corruption Vulnerability."" This affects Microsoft Edge, ChakraCore.",
CVE-2018-1026,2018-04-11 21:29:10,高,"A remote code execution vulnerability exists in Microsoft Office software when the software fails to properly handle objects in memory, aka ""Microsoft Office Remote Code Execution Vulnerability."" This affects Microsoft Office. This CVE ID is unique from CVE-2018-1030.",
CVE-2018-1027,2018-04-11 21:29:10,低,"A remote code execution vulnerability exists in Microsoft Excel software when the software fails to properly handle objects in memory, aka ""Microsoft Excel Remote Code Execution Vulnerability."" This affects Microsoft Excel, Microsoft Office. This CVE ID is unique from CVE-2018-0920, CVE-2018-1011, CVE-2018-1029.",
CVE-2018-1028,2018-04-11 21:29:10,中,"A remote code execution vulnerability exists when the Office graphics component improperly handles specially crafted embedded fonts, aka ""Microsoft Office Graphics Remote Code Execution Vulnerability."" This affects Word, Microsoft Office, Microsoft SharePoint, Excel, Microsoft SharePoint Server.",
CVE-2018-1029,2018-04-11 21:29:10,中,"A remote code execution vulnerability exists in Microsoft Excel software when the software fails to properly handle objects in memory, aka ""Microsoft Excel Remote Code Execution Vulnerability."" This affects Microsoft Excel Viewer, Microsoft Office, Microsoft Excel. This CVE ID is unique from CVE-2018-0920, CVE-2018-1011, CVE-2018-1027.",
CVE-2018-1030,2018-04-11 21:29:10,高,"A remote code execution vulnerability exists in Microsoft Office software when the software fails to properly handle objects in memory, aka ""Microsoft Office Remote Code Execution Vulnerability."" This affects Microsoft Office. This CVE ID is unique from CVE-2018-1026.",
CVE-2018-8813,2018-04-11 21:29:12,低,Open redirect vulnerability in the login[redirect] parameter login functionality in WolfCMS 0.8.3.1 allows remote attackers to redirect users to arbitrary web sites and conduct phishing attacks via a malformed URL.,
CVE-2018-8814,2018-04-11 21:29:12,低,Cross-site request forgery (CSRF) vulnerability in WolfCMS 0.8.3.1 allows remote attackers to hijack the authentication of users for requests that modify plugin/[pluginname]/settings by crafting a malicious request.,
CVE-2018-9235,2018-04-11 21:29:12,高,iScripts SonicBB 1.0 has Reflected Cross-Site Scripting via the query parameter to search.php.,
CVE-2018-9238,2018-04-11 21:29:12,高,proberv.php in Yahei-PHP Proberv 0.4.7 has XSS via the funName parameter.,
CVE-2018-2409,2018-04-11 21:29:11,低,"Improper session management when using SAP Cloud Platform 2.0 (Connectivity Service and Cloud Connector). Under certain conditions, data of some other user may be shown or modified when using an application built on top of SAP Cloud Platform.",
