/,f,l,a,w,/,s,h,o,w,/,C,N,V,D,-,2,0,1,8,-,0,7,0,8,3
/,f,l,a,w,/,s,h,o,w,/,C,N,V,D,-,2,0,1,8,-,0,7,0,3,5
/,f,l,a,w,/,s,h,o,w,/,C,N,V,D,-,2,0,1,8,-,0,7,0,3,7
/,f,l,a,w,/,s,h,o,w,/,C,N,V,D,-,2,0,1,8,-,0,7,0,1,2
/,f,l,a,w,/,s,h,o,w,/,C,N,V,D,-,2,0,1,8,-,0,7,0,3,4
/,f,l,a,w,/,s,h,o,w,/,C,N,V,D,-,2,0,1,8,-,0,7,1,1,7
/,f,l,a,w,/,s,h,o,w,/,C,N,V,D,-,2,0,1,8,-,0,7,0,3,6
/,f,l,a,w,/,s,h,o,w,/,C,N,V,D,-,2,0,1,8,-,0,7,1,2,3
/,f,l,a,w,/,s,h,o,w,/,C,N,V,D,-,2,0,1,8,-,0,7,1,2,2
/,f,l,a,w,/,s,h,o,w,/,C,N,V,D,-,2,0,1,8,-,0,7,1,2,1
/,f,l,a,w,/,s,h,o,w,/,C,N,V,D,-,2,0,1,8,-,0,7,1,0,7
/,f,l,a,w,/,s,h,o,w,/,C,N,V,D,-,2,0,1,8,-,0,7,1,0,8
/,f,l,a,w,/,s,h,o,w,/,C,N,V,D,-,2,0,1,8,-,0,7,1,0,9
/,f,l,a,w,/,s,h,o,w,/,C,N,V,D,-,2,0,1,8,-,0,7,1,1,0
/,f,l,a,w,/,s,h,o,w,/,C,N,V,D,-,2,0,1,8,-,0,7,1,1,1
/,f,l,a,w,/,s,h,o,w,/,C,N,V,D,-,2,0,1,8,-,0,7,0,1,8
/,f,l,a,w,/,s,h,o,w,/,C,N,V,D,-,2,0,1,8,-,0,7,0,1,7
/,f,l,a,w,/,s,h,o,w,/,C,N,V,D,-,2,0,1,8,-,0,7,0,1,6
/,f,l,a,w,/,s,h,o,w,/,C,N,V,D,-,2,0,1,8,-,0,7,0,1,5
/,f,l,a,w,/,s,h,o,w,/,C,N,V,D,-,2,0,1,8,-,0,7,0,1,4
/,f,l,a,w,/,s,h,o,w,/,C,N,V,D,-,2,0,1,8,-,0,7,1,3,0
/,f,l,a,w,/,s,h,o,w,/,C,N,V,D,-,2,0,1,8,-,0,4,3,7,4
/,f,l,a,w,/,s,h,o,w,/,C,N,V,D,-,2,0,1,8,-,0,4,3,7,3
/,f,l,a,w,/,s,h,o,w,/,C,N,V,D,-,2,0,1,8,-,0,4,3,7,2
/,f,l,a,w,/,s,h,o,w,/,C,N,V,D,-,2,0,1,8,-,0,4,3,7,1
/,f,l,a,w,/,s,h,o,w,/,C,N,V,D,-,2,0,1,8,-,0,4,3,7,0
/,f,l,a,w,/,s,h,o,w,/,C,N,V,D,-,2,0,1,8,-,0,4,2,8,6
/,f,l,a,w,/,s,h,o,w,/,C,N,V,D,-,2,0,1,8,-,0,4,2,8,7
/,f,l,a,w,/,s,h,o,w,/,C,N,V,D,-,2,0,1,8,-,0,4,2,8,8
/,f,l,a,w,/,s,h,o,w,/,C,N,V,D,-,2,0,1,8,-,0,4,3,0,3
/,f,l,a,w,/,s,h,o,w,/,C,N,V,D,-,2,0,1,8,-,0,4,2,9,5
/,f,l,a,w,/,s,h,o,w,/,C,N,V,D,-,2,0,1,8,-,0,7,6,2,2
/,f,l,a,w,/,s,h,o,w,/,C,N,V,D,-,2,0,1,8,-,0,4,8,9,5
/,f,l,a,w,/,s,h,o,w,/,C,N,V,D,-,2,0,1,8,-,0,4,8,9,3
/,f,l,a,w,/,s,h,o,w,/,C,N,V,D,-,2,0,1,8,-,0,4,5,0,4
/,f,l,a,w,/,s,h,o,w,/,C,N,V,D,-,2,0,1,8,-,0,4,5,0,5
/,f,l,a,w,/,s,h,o,w,/,C,N,V,D,-,2,0,1,8,-,0,4,8,8,7
/,f,l,a,w,/,s,h,o,w,/,C,N,V,D,-,2,0,1,8,-,0,4,8,8,6
/,f,l,a,w,/,s,h,o,w,/,C,N,V,D,-,2,0,1,8,-,0,4,6,5,6
/,f,l,a,w,/,s,h,o,w,/,C,N,V,D,-,2,0,1,8,-,0,4,6,5,7
/,f,l,a,w,/,s,h,o,w,/,C,N,V,D,-,2,0,1,8,-,0,4,7,6,1
/,f,l,a,w,/,s,h,o,w,/,C,N,V,D,-,2,0,1,8,-,0,4,7,6,0
/,f,l,a,w,/,s,h,o,w,/,C,N,V,D,-,2,0,1,8,-,0,7,5,7,0
/,f,l,a,w,/,s,h,o,w,/,C,N,V,D,-,2,0,1,8,-,0,7,5,6,9
/,f,l,a,w,/,s,h,o,w,/,C,N,V,D,-,2,0,1,8,-,0,7,5,6,8
/,f,l,a,w,/,s,h,o,w,/,C,N,V,D,-,2,0,1,8,-,0,7,5,6,7
/,f,l,a,w,/,s,h,o,w,/,C,N,V,D,-,2,0,1,8,-,0,7,5,6,6
/,f,l,a,w,/,s,h,o,w,/,C,N,V,D,-,2,0,1,8,-,0,7,5,7,8
/,f,l,a,w,/,s,h,o,w,/,C,N,V,D,-,2,0,1,8,-,0,7,5,4,0
/,f,l,a,w,/,s,h,o,w,/,C,N,V,D,-,2,0,1,8,-,0,7,5,3,7
/,f,l,a,w,/,s,h,o,w,/,C,N,V,D,-,2,0,1,8,-,0,7,5,5,6
/,f,l,a,w,/,s,h,o,w,/,C,N,V,D,-,2,0,1,8,-,0,4,5,0,6
/,f,l,a,w,/,s,h,o,w,/,C,N,V,D,-,2,0,1,8,-,0,4,5,0,7
/,f,l,a,w,/,s,h,o,w,/,C,N,V,D,-,2,0,1,8,-,0,4,5,0,8
/,f,l,a,w,/,s,h,o,w,/,C,N,V,D,-,2,0,1,8,-,0,4,9,0,6
/,f,l,a,w,/,s,h,o,w,/,C,N,V,D,-,2,0,1,8,-,0,4,5,0,1
/,f,l,a,w,/,s,h,o,w,/,C,N,V,D,-,2,0,1,8,-,0,4,5,0,2
/,f,l,a,w,/,s,h,o,w,/,C,N,V,D,-,2,0,1,8,-,0,4,5,0,3
/,f,l,a,w,/,s,h,o,w,/,C,N,V,D,-,2,0,1,8,-,0,7,6,6,4
/,f,l,a,w,/,s,h,o,w,/,C,N,V,D,-,2,0,1,8,-,0,7,6,6,0
/,f,l,a,w,/,s,h,o,w,/,C,N,V,D,-,2,0,1,8,-,0,7,6,4,2
/,f,l,a,w,/,s,h,o,w,/,C,N,V,D,-,2,0,1,8,-,0,7,6,5,9
/,f,l,a,w,/,s,h,o,w,/,C,N,V,D,-,2,0,1,8,-,0,7,6,4,0
/,f,l,a,w,/,s,h,o,w,/,C,N,V,D,-,2,0,1,8,-,0,7,6,4,6
/,f,l,a,w,/,s,h,o,w,/,C,N,V,D,-,2,0,1,8,-,0,7,6,4,5
/,f,l,a,w,/,s,h,o,w,/,C,N,V,D,-,2,0,1,8,-,0,7,6,4,4
/,f,l,a,w,/,s,h,o,w,/,C,N,V,D,-,2,0,1,8,-,0,7,6,4,3
/,f,l,a,w,/,s,h,o,w,/,C,N,V,D,-,2,0,1,8,-,0,7,6,3,3
/,f,l,a,w,/,s,h,o,w,/,C,N,V,D,-,2,0,1,8,-,0,7,6,3,2
/,f,l,a,w,/,s,h,o,w,/,C,N,V,D,-,2,0,1,8,-,0,7,6,3,5
